VELUX CODE,BUNNINGS FINELINE
DFD CK02,0599274
DFD CK04,0599275
DFD MK04,0599271
DFD MK06,0599273
DFD MK08,0599270
DFD SK06,0599268
DFD SK08,0599272
EDL C02,0176058
EDL C08,0176061
EDL CK02 ,0296321
EDL CK04 ,0296324
EDL M04,0176068
EDL M08,0176077
EDL MK04 ,0296327
EDL MK06 ,0296330
EDL MK08 ,0296335
EDL S06,0176088
EDL SK06 ,0296340
EDL SK08 ,0296343
EDW C01 ,0409762
EDW C04 ,0410312
EDW C08,0138677
EDW CK02,0296292
EDW CK04 ,0296297
EDW M02,0285567
EDW M04 ,0410398
EDW M06,0028392
EDW M08 ,0410776
EDW MK04,0296300
EDW MK06,0296307
EDW MK08,0296312
EDW S01 ,0410862
EDW S06 ,0411240
EDW SK06,0296315
EDW SK08,0296318
FCM 1430,0820120
FCM 2222,0820071
FCM 2230,0820121
FCM 2234,0820122
FCM 2246,0820072
FCM 2270,0820126
FCM 3030,0820073
FCM 3046,0820123
FCM 3055,
FCM 3072,0825870
FCM 3434,0820124
FCM 3446,0285569
FCM 4646,0820074
FCM 4672,0508427
FS C01,0823767
FS C04,0823775
FS C08,0823783
FS M02,0285572
FS M04,0823791
FS M06,0823806
FS M08,0823814
FS S01,0823822
FS S06,0823830
FSCC 2222,0185917
FSCC 2230,0285573
FSCC 2230,0185918
FSCC 2234,0185919
FSCC 2246,0185920
FSCC 2270,0599267
FSCC 3030,0185921
FSCC 3046,0185923
FSCC 3434,0185924
FSCC 3446,0285575
FSCC 4622,0285576
FSCC 4646,0185925
FSCD C01,0811277
FSCD C04,0811278
FSCD C08,0811280
FSCD M02,0285578
FSCD M04,0811281
FSCD M06,0811282
FSCD M08,0811284
FSCD S01,0811285
FSCD S06,0811286
FSCH C04,0811252
FSCH C08,0811254
FSCH M02,0285579
FSCH M04,0811255
FSCH M06,0811256
FSCH M08,0811257
FSCH S01,0811258
FSCH S06,0811260
FSLC 2222,0508455
FSLC 2230,0508422
FSLC 2234,0508403
FSLC 2246,0508432
FSLC 2270,0508410
FSLC 3030,0508457
FSLC 3046,0508411
FSLC 3434,0508430
FSLC 3446,0508406
FSLC 4622,0508440
FSLC 4646,0508447
FSLD C01,0508402
FSLD C04,0508444
FSLD C08,0508401
FSLD M02,0508408
FSLD M04,0508448
FSLD M06,0508409
FSLD M08,0508445
FSLD S01,0508442
FSLD S06,0508405
FSLH C04,0508420
FSLH C08,0508454
FSLH M02,0508418
FSLH M04,0508400
FSLH M06,0508425
FSLH M08,0508407
FSLH S01,0508421
FSLH S06,0508415
GGU 0076 CK02,0296266
GGU 0066 CK04,0825869
GGU 0076 CK04,0296269
GGU 0066 MK04,0825868
GGU 0076 MK04,0296274
GGU 0076 MK06,0296277
GGU 0066 MK08,0825871
GGU 0076 MK08,0296280
GGU 0066 SK06,0825872
GGU 0076 SK06,0296283
GGU 0076 SK08,0286289
TCR 014,0028394
TWF 0K14,0028395
TWR 0K14,0028396
VCM 2222,0028397
VCM 2234,0045195
VCM 2246,0028398
VCM 3030,0028399
VCM 3046,0045196
VCM 4646,0028400
VCS 2222,0028401
VCS 2234,0045193
VCS 2246,0028402
VCS 3030,0028403
VCS 3046,0045194
VCS 4622,0285581
VCS 4646,0028404
VS C04,0813154
VS C08,0821456
VS M02,0285583
VS M04,0816526
VS M06,0821464
VS M08,0816550
VS S01,0028405
VS S06,0028406
VSE C04,0414624
VSE C08,0820099
VSE M04,0415002
VSE M06,0028407
VSE M08,0415088
VSE S01,0415173
VSE S06,0415552
VSS C04,0028408
VSS C08,0811244
VSS M02,0285584
VSS M04,0028409
VSS M06,0028410
VSS M08,0028411
VSS S01,0028412
VSS S06,0028413
ZTR 0K14,0028414
ZZZ 199 2222,0028416
ZZZ 199 2230,0185926
ZZZ 199 2234,0028417
ZZZ 199 2246,0028418
ZZZ 199 2270,0599269
ZZZ 199 3030,0028419
ZZZ 199 3046,0028420
ZZZ 199 3434,0028421
ZZZ 199 3446,0285586
ZZZ 199 4622,0285587
ZZZ 199 4646,0028422
,
,
,
,
,
,
,
,
,
,
,
