VELUX CODE,CARTERS CODE
KIX 300,RFVXKIX300
KLA 300,RFVXKLA300
KLF 200,RFVXKLF200
ZCT 300,RFVXZCT300
ZTR 0K14,RFVXZTR0K140124
ZZZ 199 2222,RFVXFCM2222AT
ZZZ 199 2230,RFVXZZZ1992230
ZZZ 199 2234,RFVXZZZ1992234
ZZZ 199 2246,RFVXZZZ1992246
ZZZ 199 2270,RFVXZZZ1992270
ZZZ 199 3030,RFVXZZZ1993030
ZZZ 199 3046,RFVXZZZ1993046
ZZZ 199 3434,RFVXZZZ1993434
ZZZ 199 3446,RFVXZZZ1993436
ZZZ 199 4622,RFVXZZZ1994622
ZZZ 199 4646,RFVXZZZ1994646
ZZZ 201,RFVXZZZ201
ZZZ 212,RFVXZZZ212
DFD CK02,RFVXDFDCK02
DFD CK04,RFVXDFDCK04
DFD MK04,RFVXDFDMK04
DFD MK06,RFVXDFDMK06
DFD MK08,RFVXDFDMK08
DFD SK06,RFVXDFDSK06
DFD SK08,RFVXDFDSK08
FSCC 2222,RFVXFSCC2222
FSCC 2230,RFVXFSCC2230
FSCC 2234,RFVXFSCC2234
FSCC 2246,RFVXFSCC2246
FSCC 2270,RFVXFSCC2270
FSCC 3030,RFVXFSCC3030
FSCC 3046,RFVXFSCC3046
FSCC 3434,RFVXFSCC3434
FSCC 3446,RFVXFSCC3446
FSCC 4622,RFVXFSCC4622
FSCC 4646,RFVXFSCC3050
FSCD C01,RFVXFSCDC01
FSCD C04,RFVXFSCDC04
FSCD C08,RFVXFSCDC08
FSCD M02,RFVXFSCDM02
FSCD M04,RFVXFSCDM04
FSCD M06,RFVXFSCDM06
FSCD M08,RFVXFSCDM08
FSCD S01,RFVXFSCDS01
FSCD S06,RFVXFSCDS06
FSCH C04,RFVXFSCHC04
FSCH C08,RFVXFSCHC08
FSCH M02,RFVXFSCHM02
FSCH M04,RFVXFSCHM04
FSCH M06,RFVXFSCHM06
FSCH M08,RFVXFSCHM08
FSCH S01,RFVXFSCHS01
FSCH S06,RFVXFSCHS06
FSLC 2222,RFVXFSLC2222
FSLC 2230,RFVXFSLC2230
FSLC 2234,RFVXFSLC2234
FSLC 2246,RFVXFSLC2246
FSLC 2270,RFVXFSLC2270
FSLC 3030,RFVXFSLC3030
FSLC 3046,RFVXFSLC3046
FSLC 3434,RFVXFSLC3434
FSLC 3446,RFVXFSLC3446
FSLC 4622,RFVXFSLC4622
FSLC 4646,RFVXFSLC4646
FSLD C01,RFVXFSLDC01
FSLD C04,RFVXFSLDC04
FSLD C08,RFVXFSLDC08
FSLD M02,RFVXFSLDM02
FSLD M04,RFVXFSLDM04
FSLD M06,RFVXFSLDM06
FSLD M08,RFVXFSLDM08
FSLD S01,RFVXFSLDS01
FSLD S06,RFVXFSLDS06
FSLH C04,RFVXFSLHC04
FSLH C08,RFVXFSLHC08
FSLH M02,RFVXFSLHM02
FSLH M04,RFVXFSLHM04
FSLH M06,RFVXFSLHM06
FSLH M08,RFVXFSLHM08
FSLH S01,RFVXFSLHS01
FSLH S06,RFVXFSLHS06
EDL C08,RFVXEDLC08
EDL M08,RFVXEDLM08
EDL S06,RFVXEDLS06
EDL CK02,RFVXEDLCK02
EDL CK04,RFVXEDLCK04
EDL MK04,RFVXEDLMK04
EDL MK06,RFVXEDLMK06
EDL MK08,RFVXEDLMK08
EDL SK06,RFVXEDLSK06
EDL SK08,RFVXEDLSK08
EDW C01,RFVXEDWC01
EDW C04,RFVXEDWC04
EDW C08,RFVXEDWC08
EDW M02,RFVXEDWM02
EDW M04,RFVXEDWM04
EDW M06,RFVXEDWM06
EDW M08,RFVXEDWM08
EDW S01,RFVXEDWS01
EDW S06,RFVXEDWS06
EDW CK02,RFVXEDWCK02
EDW CK04,RFVXEDWCK04
EDW MK04,RFVXEDWMK04
EDW MK06,RFVXEDWMK06
EDW MK08,RFVXEDWMK08
EDW SK06,RFVXEDWSK06
EDW SK08,RFVXEDWSK08
GGU CK02 -76,RFVXGGUCK020076
GGU CK04 -76,RFVXGGUCK040076
GGU MK04 -76,RFVXGGUMK040076
GGU MK06 -76,RFVXGGUMK060076
GGU MK08 -76,RFVXGGUMK080076
GGU SK06 -76,RFVXGGUSK060076
GGU SK08 -76,RFVXGGUSK080076
GGU CK04 -66,RFVXGGUCK040066
GGU MK04 -66,RFVXGGUMK040066
GGU MK08 -66,RFVXGGUMK080066
GGU SK06 -66,RFVXGGUSK060066
FCM 1430,RFVXFCM1430
FCM 2222,RFVXFCM2222
FCM 2230,RFVXFCM2230
FCM 2234,RFVXFCM2234
FCM 2246,RFVXFCM2246
FCM 2270,RFVXFCM2270
FCM 3030,RFVXFCM3030
FCM 3046,RFVXFCM3046
FCM 3055,RFVXFCM3055
FCM 3072,RFVXFCM3072
FCM 3434,RFVXFCM3434
FCM 3446,RFVXFCM3446
FCM 4646,RFVXFCM4646
FCM 4672,RFVXFCM4672
FS C01,RFVXFSC01
FS C04,RFVXFSC04
FS C08,RFVXFSC08
FS M02,RFVXFSM02
FS M04,RFVXFSM04
FS M06,RFVXFSM06
FS M08,RFVXFSM08
FS S01,RFVXFSS01
FS S06,RFVXFSS06
VCM 2222,RFVXVCM2222
VCM 2234,RFVXVCM2234
VCM 2246,RFVXVCM2246
VCM 3030,RFVXVCM3030
VCM 3046,RFVXVCM3046
VCM 4646,RFVXVCM4646
VCS 2222,RFVXVCS2222
VCS 2234,RFVXVCS2234
VCS 2246,RFVXVCS2246
VCS 3030,RFVXVCS3030
VCS 3046,RFVXVCS3046
VCS 4622,RFVXVCS4622
VCS 4646,RFVXVCS4646
VS C04,RFVXVSC04
VS C08,RFVXVSC08
VS M02,RFVXVSM02
VS M04,RFVXVSM04
VS M06,RFVXVSM06
VS M08,RFVXVSM08
VS S01,RFVXVSS01
VS S06,RFVXVSS06
VSE C04,RFVXVSEC04
VSE C08,RFVXVSEC08
VSE M04,RFVXVSEM04
VSE M06,RFVXVSEM06
VSE M08,RFVXVSEM08
VSE S01,RFVXVSES01
VSE S06,RFVXVSES06
VSS C04,RFVXVSSC04
VSS C08,RFVXVSSC08
VSS M02,RFVXVSSM02
VSS M04,RFVXVSSM04
VSS M06,RFVXVSSM06
VSS M08,RFVXVSSM08
VSS S01,RFVXVSSS01
VSS S06,RFVXVSSS06
TCR 014,RFVXTCR014
TWF 0K14,RFVXTWF0K14
TWR 0K14,RFVXTWR0K14
,
,
,
,
,
,
,
,
,
,
,
,
