PLACEMAKERS SKU,VELUX PRODUCT NUMBER
3381059,VSE C04
3381060,VSE M04
3381061,VSE M08
3381062,VSE S01
3381063,VSE S06
3381077,KIX 300
3381078,KLA 300
3381079,FS C08
3381080,VCM 2234
3381081,VCM 3046
3381082,VCS 2234
3381083,VCS 3046
3381085,VS C08
3381086,VSE C08
3381087,VSS C08
3381088,VCS 4622
3381090,FSCH M02
3381091,VS M02
3381093,ZZZ 199 4622
3381094,FSCC 3446
3381095,EDW M02
3381096,ZZZ 199 3446
3381097,FCM 3446
3381098,FSCC 4622
3381101,FSCD M02
3381102,VSS M02
3381104,FS M02
3381105,FCM 4672
3381106,FCM 3055
3381107,FCM 3072
3381108,GGU SK06 0066
3381109,GGU CK04 0066
3381110,GGU MK04 0066
3381111,GGU MK08 0066
3381211,EDW C04
3381212,EDW M04
3381213,EDW M06
3381214,EDW M08
3381215,EDW S06
3381220,EDW C01
3381221,EDW S01
3381327,EDL C08
3381329,EDL M08
3381330,EDL S06
3381501,ZZZ 199 2270
3381970,ZZZ 201
3381971,ZZZ 212
3381977,ZCT 300
3382297,FCM 2222
3382298,FCM 2234
3382299,FCM 2246
3382300,FCM 2270
3382301,FCM 3030
3382302,FCM 3046
3382303,FCM 3434
3382304,FCM 4646
3382305,FS C01
3382306,FS C04
3382307,FS M04
3382308,FS M06
3382309,FS M08
3382310,FS S01
3382311,FS S06
3382312,KLF 200
3382313,VCM 2222
3382314,VCM 2246
3382315,VCM 3030
3382316,VCM 4646
3382317,VS C04
3382318,VS M04
3382319,VS M06
3382320,VS M08
3382321,VS S01
3382322,VS S06
3382323,VSE M06
3382324,VSS M06
3382326,ZZZ 199 2234
3382327,ZZZ 199 3046
3383023,ZCT 200K
3383023,ZCT 200K
3383023,ZCT 200K
3385072,DSH C04 
3385072,DSH C04 
3385072,DSH C04
3385073,DSH M04
3385073,DSH M04 
3385073,DSH M04 
3385074,DSH M08 
3385074,DSH M08 
3385074,DSH M08
3385075,DSH S01 
3385075,DSH S01 
3385075,DSH S01 
3385076,DSH S06
3385076,DSH S06
3385078,KLC 500
3385079,TCR 014
3385081,TWF 0K14
3385083,TWR 0K14
3385086,VCS 2246
3385086,VCS 2246 
3385086,VCS 2246 
3385087,VCS 3030 
3385087,VCS 3030 
3385087,VCS 3030 
3385088,VCS 4646 
3385088,VCS 4646
3385089,VSS C04
3385090,VSS M04
3385091,VSS M08
3385094,VSS S06
3385095,ZTL 014L
3385096,ZTR 0K10 
3385096,ZTR 0K10 
3385096,ZTR 0K10 
3385096,ZTR 0K10 
3385098,ZTR 0K14
3385099,ZTV 014
3385108,ZZZ 199 2222
3385109,ZZZ 199 2246
3385110,ZZZ 199 3030
3385111,ZZZ 199 3434
3385112,ZZZ 199 4646
3385113,VSS S01
3385123,EDW C08
3385124,VCS 2222
3385125,VCS 2246
3385126,VCS 3030
3385128,VCS 4646
3385129,FSCC 2222
3385130,FSCC 2230
3385131,FSCC 2234
3385132,FSCC 2246
3385133,FSCC 3030
3385134,FSCC 3046
3385136,FSCC 3434
3385137,FSCC 4646
3385138,FCM 1430
3385139,FCM 2230
3385140,ZZZ 199 2230
6221072,GGU CK02
6221073,GGU CK04
6221074,GGU MK04
6221075,GGU MK06
6221076,GGU MK08
6221077,GGU SK06
6221078,GGU SK08
6221079,EDW CK02
6221080,EDW CK04
6221081,EDW MK04
6221082,EDW MK06
6221083,EDW MK08
6221084,EDW SK06
6221085,EDW SK08
6221086,EDL CK02
6221087,EDL CK04
6221088,EDL MK04
6221089,EDL MK06
6221090,EDL MK08
6221091,EDL SK06
6221092,EDL SK08
6221093,DKL CK02 
6221093,DKL CK02
6221108,KMG 100K
6221139,FSCD C01
6221140,FSCD C04
6221141,FSCD C08
6221142,FSCD M04
6221143,FSCD M06
6221144,FSCD M08
6221145,FSCD S01
6221146,FSCD S06
6221147,FSCH C04
6221148,FSCH C08
6221149,FSCH M04
6221150,FSCH M06
6221151,FSCH M08
6221152,FSCH S01
6221153,FSCH S06
6221154,FSLH M02
6221155,DFD SK06
6221156,FSLC 3046
6221157,FSLC 2222
6221158,FSLD C01
6221159,FSLD S06
6221160,FSLC 4622
6221161,FSLH C04
6221162,FSLC 3030
6221163,DFD MK06
6221164,FSLD M06
6221165,FSLH M08
6221166,DFD MK08
6221167,FSLH M06
6221168,FSLD M02
6221169,FSLD C08
6221170,FSLC 3446
6221171,FSLH C08
6221172,FSLC 2230
6221173,FSLC 3434
6221174,FSLC 4646
6221175,FSLH S01
6221176,FSLC 2246
6221177,DFD CK02
6221178,DFD MK04
6221179,FSLD S01
6221180,FSLH M04
6221181,FSLC 2234
6221182,FSCC 2270
6221183,DFD CK04
6221184,FSLD M04
6221185,DFD SK08
6221186,FSLD C04
6221187,FSLH S06
6221188,FSLD M08
6221189,FSLC 2270
8306083,VCS 3046
8306083,VCS 3046 
8306269,EDW M08 
8306269,EDW M08 
8306311,ZTR 0K14
8306311,ZTR 0K14
8306535,TCR 014 
8306535,TCR 014
8306538,FS M06
8306538,FS M06 
8307313,VSS M08 
8307313,VSS M08 
8307672,FCM 2234 
